{
  "validation_loss": 0.01811473652519084,
  "validation_accuracy": 0.9953667953667954,
  "num_classes": 7,
  "class_names": [
    "Apple___Apple_scab",
    "Apple___Black_rot",
    "Apple___Cedar_apple_rust",
    "Apple___healthy",
    "Blueberry___healthy",
    "Cherry_(including_sour)___Powdery_mildew",
    "Cherry_(including_sour)___healthy"
  ],
  "classification_report": {
    "Apple___Apple_scab": {
      "precision": 1.0,
      "recall": 0.990990990990991,
      "f1-score": 0.995475113122172,
      "support": 111.0
    },
    "Apple___Black_rot": {
      "precision": 1.0,
      "recall": 1.0,
      "f1-score": 1.0,
      "support": 151.0
    },
    "Apple___Cedar_apple_rust": {
      "precision": 1.0,
      "recall": 1.0,
      "f1-score": 1.0,
      "support": 48.0
    },
    "Apple___healthy": {
      "precision": 0.9970760233918129,
      "recall": 0.9912790697674418,
      "f1-score": 0.9941690962099126,
      "support": 344.0
    },
    "Blueberry___healthy": {
      "precision": 0.993485342019544,
      "recall": 1.0,
      "f1-score": 0.9967320261437909,
      "support": 305.0
    },
    "Cherry_(including_sour)___Powdery_mildew": {
      "precision": 0.9883720930232558,
      "recall": 0.9941520467836257,
      "f1-score": 0.9912536443148688,
      "support": 171.0
    },
    "Cherry_(including_sour)___healthy": {
      "precision": 0.9939393939393939,
      "recall": 0.9939393939393939,
      "f1-score": 0.9939393939393939,
      "support": 165.0
    },
    "accuracy": 0.9953667953667954,
    "macro avg": {
      "precision": 0.9961246931962867,
      "recall": 0.9957659287830646,
      "f1-score": 0.995938467675734,
      "support": 1295.0
    },
    "weighted avg": {
      "precision": 0.9953813198993987,
      "recall": 0.9953667953667954,
      "f1-score": 0.9953664461810577,
      "support": 1295.0
    }
  }
}